Workbook

Sheet 개요
B2: WC48 콘텐츠 소싱 트래커 — 1차 런칭 (K-POP · CREATOR)
B3: v1.0 · 2026-07-11 · 목표: 6 Tournament × 48 Contestant = 288 · 이미지 전량 Level 2 수동 승인
B5: 시트 | C5: 카테고리 | D5: 주제 | E5: 단위 | F5: 승인완료 | G5: 제외 | H5: 잔여 | I5: 진행률
B6: K1-여자아이돌 | C6: K-POP | D6: 여자 아이돌 (4·5세대) | E6: 개인 | F6: =COUNTIF('K1-여자아이돌'!J3:J50,"승인완료") -> 11 | G6: =COUNTIF('K1-여자아이돌'!J3:J50,"제외") -> 0 | H6: =48-F6-G6 -> 37 | I6: =F6/48 -> 0.22916667
B7: K2-남자아이돌 | C7: K-POP | D7: 남자 아이돌 | E7: 개인 | F7: =COUNTIF('K2-남자아이돌'!J3:J50,"승인완료") -> 0 | G7: =COUNTIF('K2-남자아이돌'!J3:J50,"제외") -> 0 | H7: =48-F7-G7 -> 48 | I7: =F7/48 -> 0
B8: K3-그룹대전 | C8: K-POP | D8: K-POP 그룹 대전 | E8: 그룹 | F8: =COUNTIF('K3-그룹대전'!J3:J50,"승인완료") -> 0 | G8: =COUNTIF('K3-그룹대전'!J3:J50,"제외") -> 0 | H8: =48-F8-G8 -> 48 | I8: =F8/48 -> 0
B9: C1-글로벌유튜버 | C9: CREATOR | D9: 글로벌 유튜버 | E9: 개인/채널 | F9: =COUNTIF('C1-글로벌유튜버'!J3:J50,"승인완료") -> 0 | G9: =COUNTIF('C1-글로벌유튜버'!J3:J50,"제외") -> 0 | H9: =48-F9-G9 -> 48 | I9: =F9/48 -> 0
B10: C2-스트리머 | C10: CREATOR | D10: 스트리머 (글로벌) | E10: 개인 | F10: =COUNTIF('C2-스트리머'!J3:J50,"승인완료") -> 0 | G10: =COUNTIF('C2-스트리머'!J3:J50,"제외") -> 0 | H10: =48-F10-G10 -> 48 | I10: =F10/48 -> 0
B11: C4-틱톡 | C11: CREATOR | D11: 틱톡 크리에이터 | E11: 개인 | F11: =COUNTIF('C4-틱톡'!J3:J50,"승인완료") -> 0 | G11: =COUNTIF('C4-틱톡'!J3:J50,"제외") -> 0 | H11: =48-F11-G11 -> 48 | I11: =F11/48 -> 0
B12: 합계 | F12: =SUM(F6:F11) -> 11 | G12: =SUM(G6:G11) -> 0 | H12: =SUM(H6:H11) -> 277 | I12: =F12/288 -> 0.038194444
B14: ■ 사용법: 각 Tournament 시트의 흰색 칸을 채우세요. '상태'가 승인완료가 되면 이 개요에 자동 집계됩니다.
B15: ■ 2행(회색 기울임)은 입력 형식 예시입니다 — 실제 데이터를 채우면서 지우거나 덮어쓰세요.
B16: ■ Level 판정: 1-CC = CC 라이선스(자동 허용) / 2-SNS = 공식 SNS 출처(수동 승인). 딥페이크·미성년자 = Level 3 절대 금지.
B17: ■ 성인 확인: 생년월일 확인 후 '확인완료'. 미성년이면 '미성년-제외' + 상태 '제외'. K3 그룹은 로고·성인 멤버 컷 사용 시 '해당없음(로고)'.
B18: ■ K3-그룹대전 주의: 미성년 멤버가 포함된 단체샷은 사용 금지 — 그룹 로고 또는 성인 멤버 구성 이미지로 대체.
B19: ■ 이미지 규격: The Lab(B1) 스펙 확정 후 '메모'란 기준 추가 예정 — 현재는 원본 고해상도 URL만 기록.

Sheet K1-여자아이돌
A1: No | B1: 이름(ko) | C1: 이름(en) | D1: 생년월일 | E1: 성인 확인 | F1: 이미지 URL | G1: 원본 출처 링크 | H1: 라이선스 근거 | I1: Level | J1: 상태 | K1: 승인일 | L1: 메모
A2: 예 | B2: 카리나 | C2: KARINA | D2: 2000-04-11 | E2: 확인완료 | F2: https://…(공식 SNS 이미지 주소) | G2: https://instagram.com/…(게시물 링크) | H2: 공식 SNS 프로필 | I2: 2-SNS | J2: 승인완료 | K2: 2026-07-11 | L2: 예시 행 — 덮어쓰세요
A3: 1 | B3: 카리나 | C3: KARINA | D3: 2000-04-11 | E3: 확인완료 | G3: https://commons.wikimedia.org/wiki/File:2023_MMA_aespa_Karina_1.jpg | H3: CC BY-SA 4.0 (커먼즈 검토 완료) · 표기: 파일 페이지 Author란 재확인 | I3: 1-CC | J3: 승인완료 | K3: 2026-07-13 | L3: 2026-07-13 대표 직접 확인 | 2023 MMA 개인컷. 대안: Aespa's_Karina_5_(cropped).jpg
A4: 2 | B4: 윈터 | C4: WINTER | D4: 2001-01-01 | E4: 확인완료 | G4: https://commons.wikimedia.org/wiki/File:250315-16_aespa_Winter_01.jpg | H4: CC BY-SA 2.0 (Flickr 검토 완료) · 표기: Flickr 원저작자 이름 확보 | I4: 1-CC | J4: 승인완료 | K4: 2026-07-13 | L4: 2026-07-13 대표 직접 확인 | 2025-03 개인컷 (최신)
A5: 3 | B5: 장원영 | C5: Jang Wonyoung | D5: 2004-08-31 | E5: 확인완료 | G5: https://commons.wikimedia.org/wiki/File:2023_MMA_IVE_Wonyoung_3.jpg | H5: CC BY 3.0 (유튜브 CC·커먼즈 검토 완료) · 표기: 원 채널 재확인 | I5: 1-CC | J5: 승인완료 | K5: 2026-07-13 | L5: 대안 교체 성공 (1차 후보 2025-11 삭제) | 2025-11 콘서트 개인컷. 대안: 2023_MMA_IVE_Wonyoung_3.jpg
A6: 4 | B6: 안유진 | C6: An Yujin | D6: 2003-09-01 | E6: 확인완료 | G6: https://commons.wikimedia.org/wiki/File:An_Yu-jin_of_Ive,_April_19,_2025.png | H6: CC BY 3.0 (유튜브 CC·커먼즈 검토 완료) · 표기: Ten Asia (YouTube) | I6: 1-CC | J6: 승인완료 | K6: 2026-07-13 | L6: 2026-07-13 대표 직접 확인 (3차 후보 합격). 인격권 경고 = 초상권 별도 쟁점(G-LEGAL-1)
A7: 5 | B7: 김채원 | C7: Kim Chaewon | D7: 2000-08-01 | E7: 확인완료 | G7: https://commons.wikimedia.org/wiki/File:20230707_LE_SSERAFIM's_Kim_Chae-won_airport_departure_01.png | H7: CC BY 3.0 (커먼즈 검토 완료) | I7: 1-CC | J7: 승인완료 | K7: 2026-07-13 | L7: 2026-07-13 대표 직접 확인 | 2023-07 개인컷. Commons 카테고리에서 2024-03 사진 수동 선택 권장
A8: 6 | B8: 사쿠라 | C8: SAKURA | D8: 1998-03-19 | E8: 확인완료 | G8: https://commons.wikimedia.org/wiki/File:20241018_Le_Sserafim's_Sakura_Miyawaki_03.jpg | H8: CC BY 3.0 (유튜브 CC·커먼즈 검토 완료) · 표기: Ten Asia (YouTube) | I8: 1-CC | J8: 승인완료 | K8: 2026-07-13 | L8: 영상 추출물 — 큰 사이즈 사용 시 화질 확인 | 2024-10 개인컷
A9: 7 | B9: 카즈하 | C9: KAZUHA | D9: 2003-08-09 | E9: 확인완료 | G9: https://commons.wikimedia.org/wiki/File:20230707_LE_SSERAFIM%27s_Nakamura_Kazuha_airport_departure_07.jpg | H9: CC BY 3.0 (커먼즈 검토 완료) · 표기: Ten Asia (YouTube) | I9: 1-CC | J9: 승인완료 | K9: 2026-07-13 | L9: 2026-07-13 대표 직접 확인 | 최신 개인컷이 2023-07 — 2024+ 부재 시 Level 2 보강 검토
A10: 8 | B10: 민지 | C10: MINJI | D10: 2004-05-07 | E10: 확인완료 | G10: https://commons.wikimedia.org/wiki/File:20230905_Minji_(NewJeans).jpg | H10: CC BY 3.0 (유튜브 CC·커먼즈 검토 완료) · 표기: Ten Asia (YouTube) | I10: 1-CC | J10: 승인완료 | K10: 2026-07-13 | L10: 인격권 경고 = 초상권 별도 쟁점(G-LEGAL-1) | 2023-09 개인컷. 그룹 활동 상태 유동(NJZ) — 대표 인지 하 포함
A11: 9 | B11: 하니 | C11: HANNI | D11: 2004-10-06 | E11: 확인완료 | G11: https://commons.wikimedia.org/wiki/File:2023_MMA_NewJeans_Hanni.jpg | H11: CC BY-SA 4.0 (유튜브 CC) · 표기: 원 채널 재확인 | I11: 1-CC | J11: 승인완료 | K11: 2026-07-13 | L11: 2026-07-13 대표 직접 확인 | 2023-12 MMA 개인컷. 대안: 20230905_Hanni. 그룹 활동 상태 유동(NJZ)
A12: 10 | B12: 설윤 | C12: Sullyoon | D12: 2004-01-26 | E12: 확인완료 | G12: https://commons.wikimedia.org/wiki/File:250627_SULLYOON_(NMIXX)_Airport_Departure.jpg | H12: CC BY 3.0 — "라이선스 검토 필요" 미해소 | I12: 1-CC(후보) | J12: 보류 | L12: 커먼즈 검토 도장 전 사용 금지. 재확인 또는 대체 | 2025-06 개인컷
A13: 11 | B13: 유나 | C13: YUNA | D13: 2003-12-09 | E13: 확인완료 | G13: https://commons.wikimedia.org/wiki/File:241023_ITZY_Yuna.jpg | H13: CC BY 3.0 (유튜브 CC·커먼즈 검토 완료) · 표기: Ten Asia (YouTube) | I13: 1-CC | J13: 승인완료 | K13: 2026-07-13 | L13: 2026-07-13 대표 직접 확인 | 2024-10 개인컷. 대안(더 최신): 251110_Shin_Yuna_from_ITZY.png
A14: 12 | B14: 원희 | C14: Wonhee | D14: 2007-06-26 | E14: 확인완료 | G14: https://commons.wikimedia.org/wiki/File:ILLIT_Wonhee_at_Canada_Goose_Photo_Call.png | H14: CC BY 3.0 (유튜브 CC) · 표기: Ten Asia (YouTube) | I14: 1-CC | J14: 승인완료 | K14: 2026-07-13 | L14: 만19 경계선 재확인 완료 | 만19 경계선(2026-06-26 도달) — 2개 독립 출처 교차확인 완료. 대안: CHANEL 2026 공방 Photo Call (1)
A15: 13 | J15: 대기
A16: 14 | J16: 대기
A17: 15 | J17: 대기
A18: 16 | J18: 대기
A19: 17 | J19: 대기
A20: 18 | J20: 대기
A21: 19 | J21: 대기
A22: 20 | J22: 대기
A23: 21 | J23: 대기
A24: 22 | J24: 대기
A25: 23 | J25: 대기
A26: 24 | J26: 대기
... A50: 48 | J50: 대기

Sheet K2-남자아이돌
A1: No | B1: 이름(ko) | C1: 이름(en) | D1: 생년월일 | E1: 성인 확인 | F1: 이미지 URL | G1: 원본 출처 링크 | H1: 라이선스 근거 | I1: Level | J1: 상태 | K1: 승인일 | L1: 메모
A2: 예 | B2: (이름) | C2: (Name) | D2: YYYY-MM-DD | E2: 확인완료 | F2: https://…(이미지 주소) | G2: https://…(출처 게시물) | H2: 공식 SNS 프로필 | I2: 2-SNS | J2: 소싱중 | L2: 예시 행 — 덮어쓰세요
A3: 1 | J3: 대기
A4: 2 | J4: 대기
A5: 3 | J5: 대기
A6: 4 | J6: 대기
A7: 5 | J7: 대기
A8: 6 | J8: 대기
A9: 7 | J9: 대기
A10: 8 | J10: 대기
A11: 9 | J11: 대기
A12: 10 | J12: 대기
A13: 11 | J13: 대기
A14: 12 | J14: 대기
... A50: 48 | J50: 대기

Sheet K3-그룹대전
A1: No | B1: 이름(ko) | C1: 이름(en) | D1: 생년월일 | E1: 성인 확인 | F1: 이미지 URL | G1: 원본 출처 링크 | H1: 라이선스 근거 | I1: Level | J1: 상태 | K1: 승인일 | L1: 메모
A2: 예 | B2: (이름) | C2: (Name) | D2: YYYY-MM-DD | E2: 확인완료 | F2: https://…(이미지 주소) | G2: https://…(출처 게시물) | H2: 공식 SNS 프로필 | I2: 2-SNS | J2: 소싱중 | L2: 예시 행 — 덮어쓰세요
A3: 1 | J3: 대기
A4: 2 | J4: 대기
A5: 3 | J5: 대기
A6: 4 | J6: 대기
A7: 5 | J7: 대기
A8: 6 | J8: 대기
A9: 7 | J9: 대기
A10: 8 | J10: 대기
A11: 9 | J11: 대기
A12: 10 | J12: 대기
A13: 11 | J13: 대기
A14: 12 | J14: 대기
... A50: 48 | J50: 대기

Sheet C1-글로벌유튜버
A1: No | B1: 이름(ko) | C1: 이름(en) | D1: 생년월일 | E1: 성인 확인 | F1: 이미지 URL | G1: 원본 출처 링크 | H1: 라이선스 근거 | I1: Level | J1: 상태 | K1: 승인일 | L1: 메모
A2: 예 | B2: (이름) | C2: (Name) | D2: YYYY-MM-DD | E2: 확인완료 | F2: https://…(이미지 주소) | G2: https://…(출처 게시물) | H2: 공식 SNS 프로필 | I2: 2-SNS | J2: 소싱중 | L2: 예시 행 — 덮어쓰세요
A3: 1 | J3: 대기
A4: 2 | J4: 대기
A5: 3 | J5: 대기
A6: 4 | J6: 대기
A7: 5 | J7: 대기
A8: 6 | J8: 대기
A9: 7 | J9: 대기
A10: 8 | J10: 대기
A11: 9 | J11: 대기
A12: 10 | J12: 대기
A13: 11 | J13: 대기
A14: 12 | J14: 대기
... A50: 48 | J50: 대기

Sheet C2-스트리머
A1: No | B1: 이름(ko) | C1: 이름(en) | D1: 생년월일 | E1: 성인 확인 | F1: 이미지 URL | G1: 원본 출처 링크 | H1: 라이선스 근거 | I1: Level | J1: 상태 | K1: 승인일 | L1: 메모
A2: 예 | B2: (이름) | C2: (Name) | D2: YYYY-MM-DD | E2: 확인완료 | F2: https://…(이미지 주소) | G2: https://…(출처 게시물) | H2: 공식 SNS 프로필 | I2: 2-SNS | J2: 소싱중 | L2: 예시 행 — 덮어쓰세요
A3: 1 | J3: 대기
A4: 2 | J4: 대기
A5: 3 | J5: 대기
A6: 4 | J6: 대기
A7: 5 | J7: 대기
A8: 6 | J8: 대기
A9: 7 | J9: 대기
A10: 8 | J10: 대기
A11: 9 | J11: 대기
A12: 10 | J12: 대기
A13: 11 | J13: 대기
A14: 12 | J14: 대기
... A50: 48 | J50: 대기

Sheet C4-틱톡
A1: No | B1: 이름(ko) | C1: 이름(en) | D1: 생년월일 | E1: 성인 확인 | F1: 이미지 URL | G1: 원본 출처 링크 | H1: 라이선스 근거 | I1: Level | J1: 상태 | K1: 승인일 | L1: 메모
A2: 예 | B2: (이름) | C2: (Name) | D2: YYYY-MM-DD | E2: 확인완료 | F2: https://…(이미지 주소) | G2: https://…(출처 게시물) | H2: 공식 SNS 프로필 | I2: 2-SNS | J2: 소싱중 | L2: 예시 행 — 덮어쓰세요
A3: 1 | J3: 대기
A4: 2 | J4: 대기
A5: 3 | J5: 대기
A6: 4 | J6: 대기
A7: 5 | J7: 대기
A8: 6 | J8: 대기
A9: 7 | J9: 대기
A10: 8 | J10: 대기
A11: 9 | J11: 대기
A12: 10 | J12: 대기
A13: 11 | J13: 대기
A14: 12 | J14: 대기
... A50: 48 | J50: 대기
